<?xml version="1.0" encoding="UTF-8" ?>  
<!DOCTYPE struts PUBLIC "-//Apache Software Foundation//DTD  
 Struts Configuration 2.1//EN"   
"http://struts.apache.org/dtds/struts-2.1.dtd">  

<struts>  
<include file="example.xml"/>
<package name="com" extends="struts-default">  
  
<action name="login">  
<result>login.jsp</result>  
</action>  
  
<action name="loginprocess" class="com.Login">  
<result name="success"  >loginsuccess.jsp</result>  
<result name="error" >loginerror.jsp</result>  
</action>  
  
<action name="logout" class="com.Login" method="logout">  
<result name="success" >logoutsuccess.jsp</result>  
</action>  
  
<action name="profile" class="com.Profile">  
<result name="success" >profilesuccess.jsp</result>  
<result name="error" >profileerror.jsp</result>  
</action>  
  
</package>  
</struts> 
